sampleId	label_a	label_b	adjudicated	notes
027a8cf1a9d244ab67477fde				
02916e50b620eb4ca9cc5058				
02a66ee057d56173d77051f7				
037bb3a7b632471d64a0cd12				
0591cf4e4cb1944ac682844e				
0606a84dd6b199fea6779f34				
062ab7f5d02d982677099c19				
06570034fd78973d29d7f07b				
074b377cebb48dab55645d20				
0890ca178d2c74d2c59ba5b5				
09206f818b60d417d54d1945				
0928c60efd8cd553571e7a06				
0a0cb61f6cd5ea0d16986966				
0a8fd5434d7b804950c2f4ff				
0b2eaf6c6be06692cfa7b4db				
0be3f1d676eb725dd4c0b102				
0c8871220f6a82793f092f8a				
0cff30245442534d59e0a187				
0dee3ebb405228c454f2c818				
0f11608cc56fa0d59cc7d384				
100e48acf8ebed7b995f67f1				
102331a037d89083947486ba				
1121084babeb9b10f4333e2e				
1155a2f8faca5819431b91fc				
11df26cb0d268c59d8ef639b				
12016ecd91f74ed22cae9d23				
122dfe2cd10e2025f599d5ff				
12ff26944470dce2636c1f26				
13ad3bcdde8c1fd9c39fb017				
145bd6532e5dfcf6c526db71				
15153466ebf8d6cae3c0bac9				
155aa1813ea7fe04a4d5445a				
15a8823073d37df8da20b173				
15b4e2da01cfb77f2d3dc473				
15b748bff4229f8641394056				
15c3fb1fa771d8f772a20a78				
165ee4e65619f3d728f81c56				
1737d37aabcb05cd1a42b18d				
1795a292949db660ebe5ba54				
17aa17b3b7e9ed752c0d9311				
183ef5ba2ffbe49cac472d3e				
18d50818a5da995780e55e01				
18efa1d015f2bf0eca0f840a				
1974d47783c1f6530000de1e				
19f8be4022ab4c0e4819ba46				
1a0bc8d4c3393a58cbd4f3fe				
1a1caf4ec8600155d403a4ea				
1a246e73d719128d43cfe48d				
1b541b9defc259707ca4b37e				
1ba406ebd7f33bcd14064da1				
1c339d9949137b0057d4541f				
1c68f2998bb0b5506b5f826f				
1ccc949a9d8b0ae7aafaec56				
1cf4c71b6335d9ebc38c0043				
1d6fe8400886f010e51e8166				
1db9519aa53fb98bb8d7db87				
1de697851856c30f79c55bcb				
1e19a773afaada924a3b9a69				
204e07264c2f8a8b3ff65f76				
210cf31bc6a3be53adc00d90				
212881e25a6299f81138d4d5				
219bb54358ed7364752aed40				
22cb8751ae00b3ee5c6ccdf7				
23771ae0ce164575d15ccd4d				
2381197a655a8dc68bc409ee				
2481b1883a896d51584c44d8				
24d7ed160bec5719c5bada76				
2539aeb739a9bc34b6485416				
26120c9cf69d8bde8e28f25d				
261e55c11c07a9fdb5ce07cb				
262fc67ff43d8a2e9603082f				
276d470bc904e2874ff58d2f				
2772d044ab2e244105ac044f				
27cd1ab1958558d65b618c8f				
282192e8cf0bb052d59f3605				
28a35d3229b9d9bb45dd788b				
28b3f4e9e873e5e48d33c926				
28c226faa2d058317b7a27c4				
28da0a879f7315fb7e2a90d0				
293a2af133dd82cb60bdd896				
2a4c62c2e1a66643194c99e1				
2a7d31795acf2a374c881ed8				
2b738a9c2d603160c7e4a6bd				
2b93e35eb602af0f46d0f3a4				
2be83c00111bdb288c201eb5				
2bf90b8ccdefa180937db360				
2bfc17c59c6f718d9aa4e831				
2d8d0fa7594b51e21fb36915				
2df992d589f7c8a10468a94f				
2dfb807de2821701a8e66198				
2e37b90bb2a990ddf99aba8c				
2e81f5d6ab303d6530c59e70				
2e9c9262bbfd5374ac23f3d6				
2f44474151c17863943c7420				
2fee9a0ec63d5513b0e6719d				
3036feef6e9bdba39aa19dad				
30fb25af722227779d1574a8				
322bf71442dd05c13b340b20				
34143cffab639db26363890b				
3477feb9904afeb76f5f9257				
3494eb234ba7ec47215ede26				
349731b329224b290b16eb65				
359c57c115d6229187ce872a				
35a76fcb18f83ebcf6df8a51				
35f5ec939e769f5aa210aa85				
36db7531fa5e5ee21b589790				
3784abc6b4fac504803c14e8				
390c77988f7d8f129203723e				
39a326b70d73fa633d624577				
39e4361b8b4968ae6768ac5e				
39ec12b05f636c22ef94781e				
3aabd5575333acb7374a1fa5				
3ab330c24cd0815ab79a57dd				
3ae0b032b99538aee152754a				
3d24113815968d2baf86178a				
3dc22da092d60a51a840b00f				
3eb57e20f11a2bf9027d3578				
3ed33970d5e1a6964d900c36				
3f0c348ee0a4674368fd1322				
408ed6aded322a3019703f63				
423ce7f5f89b51670a114516				
425e6ce988fd3db29e92060a				
427ea2d7c95312e9dd4937ec				
4329c280ff1ff40ec9070e55				
442438917991d90423116f99				
443dfc7197248d060aaf16bd				
446e8b4e8f11b3a94fee2e0c				
449bdf82f2c6018240b61ba8				
45cd20d4fc6d5a0ebca1c8f4				
45f9292d6a3325972f552928				
46e381309e4d28579d1242bc				
473887127aae158558c3ca48				
47817e359bbd4a922b8c8761				
478b4f600ab6330c5c216d6c				
47bd02f81319d757665576dc				
486122369b2286999b86427c				
4896a05651da7ccb7787f80a				
48a3abf9b3c8fbf10857d047				
49af8959fe989f8819ac6fc3				
4afde2df26f917d18c6cd4ec				
4b1293ccc1572006481a39b6				
4b75e050c503c7130798efd6				
4c13b1b9c1269cac4371a044				
4c39b8a9d81f0fd402d44b23				
4cf500fa460762a0a12dd4d1				
4d9823604c50156f6a95e0d5				
4dd25c6918c7172edcd19b36				
4e042560c6323bcf271fb2d0				
4e38355a4b41f18881f276ee				
4f19c30393ba0f219dab8c9a				
508ff601348d1d0e2f65dbf9				
50960a5d1deb22608e70a3d8				
50be9dccd03e17cd6a8a24fe				
51285d2403292dcffc0f9622				
5266368cf28782b287f36132				
52ae18083a70b5ffe9edd309				
530808a85750ebe6f6c9a464				
530ba7eb35c6ad1018a6023e				
5383759e4767c02fa8d74284				
5593d073ae25ab719359ce43				
5731ebef588e2095a14eb011				
57a0090f9eb378ea5ce9a6a7				
594d23f29c6fbe6c69baa207				
5982b40ea9bf3d8a369d9f06				
59b8e91fa08cdc4b95ac646c				
5b979ba5292324378c7daa0e				
5ba1aa014500f0d35ded79fb				
5bbab315a03daf608284bb71				
5c41621d1c6d6a159796ee7e				
5cacc398c3c820b438dc5097				
5ed83a9b60d8e77c57c334a0				
5fa7cd080dd8947e73c65e35				
60d51bf8e50ac6345203cebf				
61057f90939774a140bae818				
61060235749634e77be64d30				
62022c5e2d7c850b536d7ec0				
637ff40a797071d590f02d66				
638d17c10490e0ce0c7f942b				
63f741830f1957758ac7bbd3				
654b1b17d072210cef980654				
6603067eb46896a024c250ec				
667784d13ede8616eab9cd69				
673f02c6d3e4963a24b59a65				
67975391ee4e2cf851c65f24				
684e449b6240de94b22f7c40				
68d56d6f2c5283d9d4010fd9				
697ba7ab4188ae7714ecf948				
6aa65fc36e903dd8ea4066a7				
6b21c7771a25374e96a69966				
6b9828337d494fe13b5ddd84				
6bb32492ed3f70a7b201787d				
6d205e36206bb6b763559019				
6d2c78a460818fd0f957d336				
6da2f3682e4f1f1551a30f04				
6dc580fa6192ecf3fe420039				
6e485f7c3443b15d2d7b9044				
6e9184db27893d00bd3ee732				
6ed361a0df2cdfca596f7e3d				
6fd9edc95054f5117ccbd9b5				
705f283496c8c3e7f27fa4aa				
711480470db78cf27f2c01f3				
71e66b4870ffd5b2c1ff70bf				
72edd1331c8390eac8fd9101				
7366c60f487560d8645fa72e				
73c2304a3cc403bf08b8dd7d				
7448cc915746569e69f81a94				
748baedead2bb4926fe2152e				
74be9747310a00d1f8bbbe72				
7501d1a325095391b58b186c				
75c88c234618022876b055f5				
75d7d06351f32a6c33265a26				
75e2c082cd811f7417c54a7e				
761634c0fef04c5560eb1760				
76a6deb12e17477010039bd3				
7809b5690e9669fc95bc97d1				
78282a237db2ee9ad44b1c62				
78322a870fcca28bab066b01				
78a850523f3f5ff98eda8caa				
79226cef739a7594b9fd9b5b				
7a152e34762b3e7c4b6b307f				
7a270654479759fae5cd04a0				
7b31f1056b4f586143453e2d				
7b7971a82f1f9baa25acc227				
7bd4fcc90b1a84ce1857ee3f				
7c084687c2b01063252da392				
7c649e77187df3a3622b4185				
7cd09bb7e4fd64c4c410d1d7				
7d78954f354266c9b0d62e4d				
7dc8d39d312dac19c3888ffd				
7ee5dede3e8926bf96a50621				
7f2918716569fa9f894fdbd9				
7f79f90442ee7ca6ce5c7386				
7fecedb9610bfd93c074b2f5				
8024be30bf088a28a9d17aae				
804c514d0a6fc26a3ad33616				
81947eb3c3da3f0bebdfdbe2				
81a8662dcfd2226b91ac288c				
81c61ac34394f34bce8ed75d				
8200b32bfdbbc17159e094bc				
833a59043cc8c94f5635d012				
8355065ace6b960ce3df0f95				
8411f1a23827d3b37a68dd37				
84486d332b39936ef1f9f5ce				
8460dcb1819bea4ef87f1cfa				
853cf60baadefdff97c5c65c				
861fda0134be186a46f73e6a				
8620c8d184aeaa19c955337f				
862f4a891c22b2dad67da69d				
87f9d1f0da255a5e3ee64451				
8840dbbd73949321a8fb50ae				
88b6e83c8f0bffc7590eb350				
88c42268eb34c03ea9985c68				
892de3d840add1f9bde33fd9				
8973e644e2caf23f3f0ed1c2				
89b5ae8633369057acd4baeb				
8a1afb88531ddec6898ca931				
8aadc9aca18b657790ad1bce				
8af5b032f29e8b74722b7b1a				
8bb572f8543b9a5ee26ae571				
8cd95a232c4384ba8a5bab34				
8d265c582e4f3003b29a452a				
8d56c6174f210157d5ea117a				
8de6366ae6574f0c15393d84				
8e0940c2a1d5dda799db1fef				
8e4aeb349db8d8287faf5102				
8fa629d5dfddd15f0702b644				
8fa7c5a969d06f88e4b149e6				
9062330698e565d2015d3c90				
90b566048d303079d0dd8b45				
90b6d009c31f3896d00141ce				
90c565ea21bbc90ede66e014				
90e01e0577915b7bde8858fa				
914170ac359dbad7513d9441				
91c8c6a8fb9f7371de596e08				
922587aef6f672821bc6e3b3				
924f61e42c07f132d8e772af				
925c3a80a5d76d2f8635fc16				
92c32555d714f1d3d865e3a3				
92edac6bbf11f6ea68b4c7cb				
93990ede2f70f22c3390bdab				
94b96a6706749f3e9cf9f2aa				
961c9944ce9d7e373f01f085				
9756dca5048fd6f57797fd00				
97f083c85dd937e61fcd8a6d				
981eea0000cb12f5b0398ab9				
99cc94119ff483436724262b				
9a0b0dfd6c337e0a1658b649				
9a485ff09721fad8f08f07b3				
9a595e1a59e687c55582cd3a				
9be579bf3711ce3d2e95b541				
9d27e3cfa4122e59bce9e76b				
9db05a9ce4da3afd9a2e8b73				
9df1869d725f672057371bd1				
9f0b05f6836371a6011d7484				
9f4b666d2ea23c3051a2b14e				
9fd9e4bbbe43e006a22e945d				
a06711e8f985f184f629e292				
a0a58ed6c9c8353592c44d0e				
a122d1ab391f6383e8b7ab99				
a1339977cc47b57563ecea3a				
a1440a61e941ae5b165d56da				
a268ad7ed329ce0b596b1412				
a280213f0687233b1b7f6065				
a3766a96360c5442c09f1cbf				
a41157fd78c57149c7470052				
a594562c8833706b9c34bb30				
a594e3f36fc5a7bb509f634c				
a5b1a2fd2453af0396adf6cd				
a60529e81423045154946d61				
a61fb469a19f120f57ce21c5				
a63434758ec06974c64c8579				
a676b25556fa54c5c514fdf9				
a7395688aa7c6e0209ed68d0				
a7a48c9ea2753899dcd7c423				
a7b605d0a3964bad85fa72ea				
a8b00731f7a895b5d418eb0a				
a8cc99a9a24200e9ee614606				
a8e4606180af18d9fbc126eb				
aa33502da6b00d4fea5c3170				
aaa637bbaf9e957e9bc2eb25				
aad66cc31237edbdebae5596				
ab0f7d22062b2467481bf637				
ab569126be3033ceaa2ff824				
ae8824f3c32915fe8171fae3				
af6ed1977d55ac639be84097				
af82fd964a638b9d38768b06				
b00e49c8934b74727d67a564				
b04855fccfabd3c9836ef135				
b07c8a3c2f8f4267c4fc1158				
b27b88004a52dec216b79df4				
b28d8ee99c2dc02ca37c52cb				
b2973c07fca2f03cfdcbf2e7				
b2b189fbbdb5d2922030494d				
b2d576ee1226c3ca0f12d8ca				
b2d5dcf9174f1da11cd6b181				
b2dbcdc052c82c07f778b873				
b3777646f22bae5898227df8				
b3d0378eae4dbca52ce1cc27				
b5542058a8096949463253d5				
b5b35ebb77c1c879ca3e9a1b				
b5c47f5d02b588b4ad35c148				
b5c8a83954f680b979524661				
b5d78d77526f7d9f6534e82a				
b6133e57ed0fcb195fba0c46				
b68fea6a4c68c469710f499a				
b6f048df9eb8131b3e616239				
b8bae3ce8899c6b816aada51				
b902784a8b6e26c531eb71b1				
babcda0137e97a5396327dc8				
bad8ffbdae86df22d3740874				
bb09f0ef3fd185520b35f9c4				
bb9c8ec60e8d1f1e4f9fe381				
bd7c81200bc858d021554b5d				
bde55747fc595f247f5d85e6				
bdec5a077e1853b468940da5				
bdf9345b28bbb034c6d9285d				
be377dd2bc6406694fd49ade				
bee08f0dcbc96f6eb999abeb				
bf65e84507b92c33af126985				
c02b6742475dc72e263b8166				
c0a08e9829ca1a90bc654d97				
c14deb77ff538b6f48272912				
c1901e6a6f1c208e40668636				
c1e79ee05ce16eb44a5c9399				
c2b8f861bbf070027966f983				
c30ce86172f6ecf30959a898				
c37f617444d261deb954b49e				
c3a2ba788ddb6e3b86703bc0				
c3d5c794d0e53aa2dd15867b				
c433d28594156d06a9bbb462				
c5805d231abf373558706cef				
c623e568a70bc4f5dff099f0				
c62c5adb9745675b8d3af8d9				
c66a30e7cd55d45d1834bf08				
c67ef6d44d1b57d856eb6cb4				
c6808d1bd92382fe60ea1664				
c6bf6991e64267c15320892a				
c73647165db745288027eb2f				
c8182cdaacfc96f3a4b46f1a				
c91d23e700420cc99be9b59e				
c91d4584ef9018ef8c7099d2				
c981c0c925547d8fc8f0d5bb				
c998fcc8a9d7db78f4bc3f3e				
ca2d4298ac8e5efd57a0a8d0				
caf6bb54fa3be3a1949daa3c				
cb028f069604a85b65d496af				
ccbc8b5f95fafd45fd7b64fc				
cd700aeeb77d2eac12e36eef				
cdae400f62ae5ccd74be67c9				
cdbf5fa3dd70c39169155941				
cdfc925eecd0af6db038185e				
ce3b9752936b9efd5b40057b				
cf3177e8d58fa7e991adf714				
cf7a859182f83cce37c49d57				
cf8e9e082946a2ece08521c5				
cf9dad748a29e26d43caeed8				
d04562a205d6f7ffe2cc881a				
d0c08bda4f0ee99723f9a1ad				
d1086d2904005c89034af9bc				
d118492e9bef576f8faee1b5				
d14cfe2fe766d1b34ce4b5f1				
d200dde1e23b02ab7d7ea514				
d27d0ba287144482cefb3486				
d2dabdb04c53ad2d3ee60437				
d36b39f4e547874e846877b6				
d3cf07d6e7f7083b2247fa93				
d3ddc925a56de97ebf7197f1				
d3ee4dcd939a632684ba29aa				
d4add4399fdc3fef948a7143				
d4ba2b1fb2fe0377077799fe				
d4d1a56cd4e0634d782554d5				
d5395a0c1b1890fa5b073c6b				
d54131f9999ef112a1959002				
d5b76094f0316fb5597ba699				
d6017134c9b43a44addbe5fe				
d64bf320bbcf10a11f1bd2e0				
d6ad9ba3a8cdaf6c96564e34				
d6d73b9fdec8a929501922a0				
d7640004405c600571e07e29				
d854a7d07d98de78df497a4d				
d8837594f0c0995d9c48bbcc				
d906ddb60ef0838c7edb412d				
d926eb21240f44a67cdd2dc9				
d95f046f1e90b9f66cbc5f8f				
d986b4fc22ab5a4e42419066				
d9b164ea0ad14d556b602864				
d9f3277d329935f61442200b				
da293f5631ab74041575cb75				
da5fb82e3513e7b00fed915c				
dad7a46f0a37e6f3e9e7f692				
daea9da9ea350fe4618b060b				
dafbc0af0d8e559bc574ece9				
dbb4576a07921c1a2437c9fc				
dbb57450e05d95413800f900				
dc19829a5172d32ff31ac929				
dc688a84b1dbd53f32622b3b				
dc75898d7e157f5a2e6effc5				
dca4440f926b82717d710ee9				
df1d68a652d5de5f3ee4f669				
df754108eb52c77d2e31fd3f				
df8fc5d70f50dadf26a4cace				
e0146b443986b412b0c5be60				
e01fd0550d83615570ca6d56				
e0d59c8bc9d199c9ba4a0537				
e0d81b24413f86c9d6d991af				
e121d20135bc9a3aca3bdb09				
e2363258280a745f489ed606				
e2590a3ad163113e213e3751				
e2696124159bc4def4603f69				
e2dd710c2a9dc3a47f40650d				
e413b7704b407d83561d5725				
e4489d67ea437a31b1d0c2e5				
e567fc012683db3726872a6f				
e5730eb1d4daa1cfec9bc7bb				
e5ef83db31a303a641198d75				
e5f82d3c2a4ea7c679577b27				
e802112df362513941386787				
e81a03d424579f449be5ccce				
e861df8dfbf09c756061640b				
e8cf7c11d806fe6f846eb51c				
e941eb248ce25f8eb8f292c1				
e9c27293918b9b62e0811984				
ea26f9e287050e3a4d88352b				
ea32c4817edd162c3c8e266d				
ea42728476f6a5dc1b76cb55				
ea75ea8a6c9ea7be54c46ccd				
ed5cd2bf98cc90712118237b				
ef153f16aa77d3d2837c850b				
effb54a92f60ab274890663f				
f035913f55755a19e4f6db55				
f10dd59fee2df75a7164f78a				
f21e951c1df34f1772c47900				
f24331c0dbe2a461642d4df2				
f2894c672697d978712c11b7				
f39012d89f6fe52d62ed9df4				
f3f9cf510d06fd894770c263				
f4c811e5cc90f4a1422761bb				
f5618eb064e57f121a24184a				
f79e7caf85e2feff9dcdb08c				
f7b309d9c457235fc1580211				
f7ca0376bf10c5256b90e3b5				
f81b67e9bae1d38b3b610fab				
f8377ba1eaebff922a9fa349				
f8377ba1eaebff922a9fa349				
f8493a39f79681f78f6bae7a				
f8727dcd18f23e6707133c3d				
fa64fd53b70275df6e23eb63				
fb2765bc74a612f2823e53d8				
fccdf2e4ba5db18728287d91				
fcd810c7032ddc627aad849b				
fcee1febe99f829e2a2af5c6				
fd26bdc571b366804bfcde1a				
fde5669f11e8debb869ab83a				
fec470583988db496e272ed7				
fed4d8772dd05ca623fdc0cb				
ff2b1bcb0b53235e7a47137e				
ff592ec1e820d21354a60dee				
ff8faf092b2c0db4d79fba79				
ffc89913a296f99b767e3146				
ffdb845ab60a1ec7dd8c4cd1				
