rank,entityId,occurrences,projectCount,unresolvedRatio,capabilityDomains,score,normalizedPriority
1,"wh.rv",14112,196,1,"unknown",254.93907875276304,1
2,"wh.hn",5880,196,1,"unknown",231.58278675393382,0.908385
3,"wh.nh",5096,196,1,"unknown",227.76532003163047,0.893411
4,"grb",1568,196,1,"unknown",196.32865143197554,0.7701
5,"gra",784,196,1,"unknown",177.85135036682394,0.697623
6,"Object.defineProperty",18432,198,0,"unknown",175.00482874085938,0.686457
7,"$gwn",392,196,1,"unknown",159.39101692912672,0.625212
8,"Boolean.prototype",980,196,1,"unknown",141.38337443684023,0.554577
9,"undefined",4123,196,0,"unknown",136.6851613798941,0.536148
10,"Math.random",199,197,0,"crypto",128.62504397762956,0.504532
11,"JSON.stringify",1177,197,0,"unknown",125.8940036040019,0.49382
12,"Array.prototype",7842,197,0,"unknown",122.80358769805751,0.481698
13,"String.prototype",7840,196,0,"unknown",122.6961441029431,0.481276
14,"snap_bb",392,196,1,"unknown",122.60847456086671,0.480932
15,"Math",5088,196,0,"unknown",116.78123535921533,0.458075
16,"console.warn",733,185,0,"unknown",116.24425067542369,0.455969
17,"Function",589,197,0,"unknown",113.58422352222749,0.445535
18,"$gwl",196,196,1,"unknown",108.43424750059216,0.425334
19,"Boolean.prototype.toString",196,196,1,"unknown",108.43424750059216,0.425334
20,"Boolean.prototype.valueOf",196,196,1,"unknown",108.43424750059216,0.425334
21,"wh",196,196,1,"unknown",108.43424750059216,0.425334
22,"Number.prototype",2548,196,0,"unknown",107.32115545547148,0.420968
23,"$gwx",182,182,1,"unknown",105.60238243082027,0.414226
24,"console.log",256,184,0,"unknown",97.66762270815109,0.383102
25,"Math.floor",199,198,0,"unknown",94.40447668723982,0.370302
26,"Object.prototype.toString.call",199,198,0,"unknown",94.40447668723982,0.370302
27,"Math.abs",197,197,0,"unknown",94.14610785069802,0.369289
28,"Date.now",196,196,0,"unknown",93.97634783384656,0.368623
29,"Math.max",196,196,0,"unknown",93.97634783384656,0.368623
30,"console.error",203,185,0,"unknown",93.68796359989415,0.367492
31,"Date.prototype",806,195,0,"unknown",91.50602816150176,0.358933
32,"Number",785,197,0,"unknown",91.30052646923235,0.358127
33,"Object.prototype",594,198,0,"unknown",87.56173162020163,0.343461
34,"Function.prototype",588,196,0,"unknown",87.27530730393234,0.342338
35,"Date",585,195,0,"unknown",87.13117862684084,0.341773
36,"Object.prototype.toString",199,198,0,"unknown",72.6188282209537,0.284848
37,"Array.prototype.concat",196,196,0,"unknown",72.28949833372812,0.283556
38,"Array.prototype.every",196,196,0,"unknown",72.28949833372812,0.283556
39,"Array.prototype.filter",196,196,0,"unknown",72.28949833372812,0.283556
40,"Array.prototype.forEach",196,196,0,"unknown",72.28949833372812,0.283556
41,"Array.prototype.indexOf",196,196,0,"unknown",72.28949833372812,0.283556
42,"Array.prototype.lastIndexOf",196,196,0,"unknown",72.28949833372812,0.283556
43,"Array.prototype.map",196,196,0,"unknown",72.28949833372812,0.283556
44,"Array.prototype.pop",196,196,0,"unknown",72.28949833372812,0.283556
45,"Array.prototype.push",196,196,0,"unknown",72.28949833372812,0.283556
46,"Array.prototype.reduce",196,196,0,"unknown",72.28949833372812,0.283556
47,"Array.prototype.reduceRight",196,196,0,"unknown",72.28949833372812,0.283556
48,"Array.prototype.reverse",196,196,0,"unknown",72.28949833372812,0.283556
49,"Array.prototype.shift",196,196,0,"unknown",72.28949833372812,0.283556
50,"Array.prototype.slice",196,196,0,"unknown",72.28949833372812,0.283556
51,"Array.prototype.some",196,196,0,"unknown",72.28949833372812,0.283556
52,"Array.prototype.sort",196,196,0,"unknown",72.28949833372812,0.283556
53,"Array.prototype.splice",196,196,0,"unknown",72.28949833372812,0.283556
54,"Array.prototype.unshift",196,196,0,"unknown",72.28949833372812,0.283556
55,"Math.acos",196,196,0,"unknown",72.28949833372812,0.283556
56,"Math.asin",196,196,0,"unknown",72.28949833372812,0.283556
57,"Math.atan",196,196,0,"unknown",72.28949833372812,0.283556
58,"Math.atan2",196,196,0,"unknown",72.28949833372812,0.283556
59,"Math.ceil",196,196,0,"unknown",72.28949833372812,0.283556
60,"Math.cos",196,196,0,"unknown",72.28949833372812,0.283556
61,"Math.E",196,196,0,"unknown",72.28949833372812,0.283556
62,"Math.exp",196,196,0,"unknown",72.28949833372812,0.283556
63,"Math.LN10",196,196,0,"unknown",72.28949833372812,0.283556
64,"Math.LN2",196,196,0,"unknown",72.28949833372812,0.283556
65,"Math.log",196,196,0,"unknown",72.28949833372812,0.283556
66,"Math.LOG10E",196,196,0,"unknown",72.28949833372812,0.283556
67,"Math.LOG2E",196,196,0,"unknown",72.28949833372812,0.283556
68,"Math.PI",196,196,0,"unknown",72.28949833372812,0.283556
69,"Math.SQRT1_2",196,196,0,"unknown",72.28949833372812,0.283556
70,"Math.SQRT2",196,196,0,"unknown",72.28949833372812,0.283556
71,"Number.MAX_VALUE",196,196,0,"unknown",72.28949833372812,0.283556
72,"Number.MIN_VALUE",196,196,0,"unknown",72.28949833372812,0.283556
73,"Number.NEGATIVE_INFINITY",196,196,0,"unknown",72.28949833372812,0.283556
74,"Number.POSITIVE_INFINITY",196,196,0,"unknown",72.28949833372812,0.283556
75,"Number.prototype.toExponential",196,196,0,"unknown",72.28949833372812,0.283556
76,"Number.prototype.toFixed",196,196,0,"unknown",72.28949833372812,0.283556
77,"Number.prototype.toLocaleString",196,196,0,"unknown",72.28949833372812,0.283556
78,"Number.prototype.toPrecision",196,196,0,"unknown",72.28949833372812,0.283556
79,"Number.prototype.toString",196,196,0,"unknown",72.28949833372812,0.283556
80,"Number.prototype.valueOf",196,196,0,"unknown",72.28949833372812,0.283556
81,"String.prototype.charAt",196,196,0,"unknown",72.28949833372812,0.283556
82,"String.prototype.charCodeAt",196,196,0,"unknown",72.28949833372812,0.283556
83,"String.prototype.concat",196,196,0,"unknown",72.28949833372812,0.283556
84,"String.prototype.indexOf",196,196,0,"unknown",72.28949833372812,0.283556
85,"String.prototype.lastIndexOf",196,196,0,"unknown",72.28949833372812,0.283556
86,"String.prototype.localeCompare",196,196,0,"unknown",72.28949833372812,0.283556
87,"String.prototype.match",196,196,0,"unknown",72.28949833372812,0.283556
88,"String.prototype.replace",196,196,0,"unknown",72.28949833372812,0.283556
89,"String.prototype.search",196,196,0,"unknown",72.28949833372812,0.283556
90,"String.prototype.slice",196,196,0,"unknown",72.28949833372812,0.283556
91,"String.prototype.split",196,196,0,"unknown",72.28949833372812,0.283556
92,"String.prototype.substring",196,196,0,"unknown",72.28949833372812,0.283556
93,"String.prototype.toLocaleLowerCase",196,196,0,"unknown",72.28949833372812,0.283556
94,"String.prototype.toLocaleUpperCase",196,196,0,"unknown",72.28949833372812,0.283556
95,"String.prototype.toLowerCase",196,196,0,"unknown",72.28949833372812,0.283556
96,"String.prototype.toString",196,196,0,"unknown",72.28949833372812,0.283556
97,"String.prototype.toUpperCase",196,196,0,"unknown",72.28949833372812,0.283556
98,"String.prototype.trim",196,196,0,"unknown",72.28949833372812,0.283556
99,"String.prototype.valueOf",196,196,0,"unknown",72.28949833372812,0.283556
100,"Date.parse",195,195,0,"unknown",72.1583674395983,0.283042
